{"loss_all": 0.2798104536660174, "_step": 77, "_runtime": 2386, "_timestamp": 1607977111, "loss_sed": 0.09192727672609877, "loss_doa": 0.46769363322156543, "Er20": 0.8621633957097216, "F20": 0.1959367063879663, "LE20": 32.131069393372584, "LR20": 0.47860910334049606, "seld20": 0.5915308817638878, "Er19": 0.6519993824301374, "F19": 0.48015873015873006, "LE19": 30.70077222258686, "LR19": 0.5496, "seld19": 0.4482001244881114}