{"loss_all": 0.2704649678570159, "_step": 51, "_runtime": 2543, "_timestamp": 1607971429, "loss_sed": 0.0859121285537456, "loss_doa": 0.45501780826994714, "Er20": 0.8276281758709874, "F20": 0.24562688890924061, "LE20": 30.98170604650247, "LR20": 0.5443721952559758, "seld20": 0.5524374202132517, "Er19": 0.5927126756214297, "F19": 0.5453530560982415, "LE19": 27.074613819329695, "LR19": 0.5971166666666666, "seld19": 0.40016436851875503}