{"loss_all": 0.7804016585045672, "_step": 12, "_runtime": 51, "_timestamp": 1607542453, "loss_sed": 1.0118022167936285, "loss_doa": 0.5490011097268855, "Er20": 2.264719306252853, "F20": 0.0006300913632475783, "LE20": 89.73591029566583, "LR20": 0.08470228183086537, "seld20": 1.1694799420086652, "Er19": 2.160413771807936, "F19": 0.08630604516340165, "LE19": 29.316396011883207, "LR19": 0.2192, "seld19": 1.0044441483443047}