{"loss_all": 0.5116642840365146, "_step": 12, "_runtime": 52, "_timestamp": 1607542265, "loss_sed": 0.7031543242170456, "loss_doa": 0.3201742406855238, "Er20": 2.670470104974897, "F20": 0.01071945542036688, "LE20": 83.55843958431039, "LR20": 0.1321544540510934, "seld20": 1.2479524371874013, "Er19": 2.3858267716535435, "F19": 0.14218656652726797, "LE19": 38.2850190559871, "LR19": 0.30623333333333336, "seld19": 1.0375253555259953}