{"loss_all": 0.744407279694334, "_step": 12, "_runtime": 51, "_timestamp": 1607972871, "loss_sed": 0.8638477617121757, "loss_doa": 0.6249667938719404, "Er20": 3.017495816217861, "F20": 0.0001436162573602531, "LE20": 95.41831292211887, "LR20": 0.09966968260807116, "seld20": 1.3619460639521614, "Er19": 2.7948124131542382, "F19": 0.09914926527455521, "LE19": 35.38957490089466, "LR19": 0.21183333333333335, "seld19": 1.170109640998941}